2026-01-22T14:52:27.319Z,https://qs-backend-ekqy.onrender.com/api/health,FAILED,0,15079,timeout of 15000ms exceeded
2026-01-22T14:52:42.342Z,https://qs-backend-ekqy.onrender.com/api/dashboard/stats,FAILED,0,15012,timeout of 15000ms exceeded
2026-01-22T14:52:57.357Z,https://qs-backend-ekqy.onrender.com/ping,FAILED,0,15012,timeout of 15000ms exceeded
2026-01-22T14:56:15.093Z,https://qs-backend-ekqy.onrender.com/api/health,FAILED,0,15018,timeout of 15000ms exceeded
2026-01-22T14:56:30.112Z,https://qs-backend-ekqy.onrender.com/api/dashboard/stats,FAILED,0,15012,timeout of 15000ms exceeded
2026-01-22T14:56:45.136Z,https://qs-backend-ekqy.onrender.com/ping,FAILED,0,15015,timeout of 15000ms exceeded
2026-01-22T15:00:01.199Z,https://qs-backend-ekqy.onrender.com/api/health,FAILED,404,1106,Request failed with status code 404
2026-01-22T15:00:01.551Z,https://qs-backend-ekqy.onrender.com/api/dashboard/stats,FAILED,401,276,Request failed with status code 401
2026-01-22T15:00:01.813Z,https://qs-backend-ekqy.onrender.com/ping,FAILED,404,224,Request failed with status code 404
2026-01-22T15:14:00.709Z,https://qs-backend-ekqy.onrender.com/api/health,SUCCESS,200,624,
2026-01-22T15:28:01.371Z,https://qs-backend-ekqy.onrender.com/api/health,SUCCESS,200,1323,
2026-01-22T15:42:00.691Z,https://qs-backend-ekqy.onrender.com/api/health,SUCCESS,200,643,
2026-01-23T11:35:30.602Z,http://localhost:5000/api/health,SUCCESS,200,666,
2026-01-23T11:42:00.056Z,http://localhost:5000/api/health,SUCCESS,200,10,
2026-01-23T11:51:46.446Z,http://localhost:5000/api/health,SUCCESS,200,57,
2026-01-23T11:56:00.085Z,http://localhost:5000/api/health,SUCCESS,200,9,
2026-01-23T12:00:00.058Z,http://localhost:5000/api/health,SUCCESS,200,10,
2026-01-23T12:14:00.070Z,http://localhost:5000/api/health,SUCCESS,200,9,
2026-01-23T12:28:00.071Z,http://localhost:5000/api/health,SUCCESS,200,9,
2026-01-24T15:45:22.562Z,http://localhost:5000/api/health,SUCCESS,200,59,
2026-01-24T15:51:41.526Z,http://localhost:5000/api/health,SUCCESS,200,98,
2026-01-24T15:55:23.301Z,http://localhost:5000/api/health,SUCCESS,200,29,
2026-01-24T15:56:00.059Z,http://localhost:5000/api/health,SUCCESS,200,9,
2026-01-24T16:00:00.063Z,http://localhost:5000/api/health,SUCCESS,200,10,
2026-01-25T19:14:00.082Z,http://localhost:5000/api/health,SUCCESS,200,21,
2026-01-25T19:28:00.054Z,http://localhost:5000/api/health,SUCCESS,200,11,
2026-01-25T19:42:00.035Z,http://localhost:5000/api/health,SUCCESS,200,10,
2026-01-25T19:56:00.051Z,http://localhost:5000/api/health,SUCCESS,200,9,
2026-01-26T11:40:40.104Z,http://localhost:5000/api/health,SUCCESS,200,272,
2026-01-26T11:42:00.060Z,http://localhost:5000/api/health,SUCCESS,200,16,
2026-01-26T11:56:00.085Z,http://localhost:5000/api/health,SUCCESS,200,8,
2026-01-26T12:00:00.069Z,http://localhost:5000/api/health,SUCCESS,200,9,
2026-01-26T12:14:00.059Z,http://localhost:5000/api/health,SUCCESS,200,7,
2026-01-26T12:28:00.086Z,http://localhost:5000/api/health,SUCCESS,200,9,
2026-01-26T12:42:00.084Z,http://localhost:5000/api/health,SUCCESS,200,8,
2026-01-26T12:56:00.084Z,http://localhost:5000/api/health,SUCCESS,200,14,
2026-01-26T13:00:00.055Z,http://localhost:5000/api/health,SUCCESS,200,11,
2026-01-26T13:14:00.054Z,http://localhost:5000/api/health,SUCCESS,200,14,
2026-01-26T13:28:00.043Z,http://localhost:5000/api/health,SUCCESS,200,7,
2026-01-26T13:41:26.672Z,http://localhost:5000/api/health,SUCCESS,200,40,
2026-01-26T13:42:00.046Z,http://localhost:5000/api/health,SUCCESS,200,14,
2026-01-26T13:56:00.052Z,http://localhost:5000/api/health,SUCCESS,200,8,
2026-01-26T14:00:00.054Z,http://localhost:5000/api/health,SUCCESS,200,8,
2026-01-26T14:14:00.055Z,http://localhost:5000/api/health,SUCCESS,200,9,
2026-01-26T14:28:00.065Z,http://localhost:5000/api/health,SUCCESS,200,15,
2026-01-26T14:42:00.040Z,http://localhost:5000/api/health,SUCCESS,200,9,
2026-01-26T14:56:00.084Z,http://localhost:5000/api/health,SUCCESS,200,14,
2026-01-26T15:14:00.052Z,http://localhost:5000/api/health,SUCCESS,200,8,
2026-01-26T15:28:00.058Z,http://localhost:5000/api/health,SUCCESS,200,8,
2026-01-26T15:42:00.074Z,http://localhost:5000/api/health,SUCCESS,200,8,
2026-01-27T12:40:02.888Z,http://localhost:5000/api/health,SUCCESS,200,131,
2026-01-27T12:42:00.054Z,http://localhost:5000/api/health,SUCCESS,200,14,
2026-01-27T12:43:32.184Z,http://localhost:5000/api/health,SUCCESS,200,38,
2026-01-27T12:44:01.961Z,http://localhost:5000/api/health,SUCCESS,200,35,
2026-01-27T12:47:48.957Z,http://localhost:5000/api/health,SUCCESS,200,58,
2026-01-27T12:48:15.798Z,http://localhost:5000/api/health,SUCCESS,200,53,
2026-01-27T12:49:44.488Z,http://localhost:5000/api/health,SUCCESS,200,63,
2026-01-27T12:50:12.057Z,http://localhost:5000/api/health,SUCCESS,200,46,
2026-01-27T12:51:03.012Z,http://localhost:5000/api/health,SUCCESS,200,65,
2026-01-27T12:52:45.483Z,http://localhost:5000/api/health,SUCCESS,200,71,
2026-01-27T12:53:18.787Z,http://localhost:5000/api/health,SUCCESS,200,86,
2026-02-12T14:41:36.424Z,http://localhost:5000/api/health,SUCCESS,200,487,
2026-02-12T14:42:00.101Z,http://localhost:5000/api/health,SUCCESS,200,20,
2026-02-12T14:56:00.064Z,http://localhost:5000/api/health,SUCCESS,200,8,
2026-02-12T15:00:00.091Z,http://localhost:5000/api/health,SUCCESS,200,7,
2026-02-16T14:22:15.289Z,http://localhost:5000/api/health,SUCCESS,200,63,
2026-02-16T14:28:00.118Z,http://localhost:5000/api/health,SUCCESS,200,28,
2026-02-16T14:28:42.055Z,http://localhost:5000/api/health,SUCCESS,200,76,
2026-02-16T14:29:33.728Z,http://localhost:5000/api/health,SUCCESS,200,50,
2026-02-16T14:30:20.815Z,http://localhost:5000/api/health,SUCCESS,200,68,
2026-02-16T14:30:56.098Z,http://localhost:5000/api/health,SUCCESS,200,42,
2026-02-16T14:31:51.459Z,http://localhost:5000/api/health,SUCCESS,200,47,
2026-02-16T14:32:17.828Z,http://localhost:5000/api/health,SUCCESS,200,126,
2026-02-16T14:37:00.692Z,http://localhost:5000/api/health,SUCCESS,200,47,
2026-02-16T14:42:00.077Z,http://localhost:5000/api/health,SUCCESS,200,11,
2026-02-16T14:42:25.060Z,http://localhost:5000/api/health,SUCCESS,200,87,
2026-02-16T14:43:28.065Z,http://localhost:5000/api/health,SUCCESS,200,33,
2026-02-17T13:04:41.033Z,http://localhost:5000/api/health,SUCCESS,200,108,
2026-02-17T13:06:13.995Z,http://localhost:5000/api/health,SUCCESS,200,87,
2026-02-17T13:13:13.070Z,http://localhost:5000/api/health,SUCCESS,200,110,
2026-02-17T13:14:00.061Z,http://localhost:5000/api/health,SUCCESS,200,9,
2026-02-17T13:28:00.075Z,http://localhost:5000/api/health,SUCCESS,200,9,
2026-02-17T13:42:00.066Z,http://localhost:5000/api/health,SUCCESS,200,14,
2026-02-17T13:56:00.071Z,http://localhost:5000/api/health,SUCCESS,200,9,
2026-02-17T14:00:00.063Z,http://localhost:5000/api/health,SUCCESS,200,13,
2026-02-17T14:14:00.067Z,http://localhost:5000/api/health,SUCCESS,200,14,
2026-02-17T14:28:00.045Z,http://localhost:5000/api/health,SUCCESS,200,8,
2026-02-17T14:42:00.045Z,http://localhost:5000/api/health,SUCCESS,200,18,
2026-02-18T12:06:28.612Z,http://localhost:5000/api/health,SUCCESS,200,93,
2026-02-18T12:14:00.083Z,http://localhost:5000/api/health,SUCCESS,200,12,
2026-02-18T12:28:00.059Z,http://localhost:5000/api/health,SUCCESS,200,9,
2026-02-18T12:41:35.163Z,http://localhost:5000/api/health,SUCCESS,200,71,
2026-02-18T12:42:00.068Z,http://localhost:5000/api/health,SUCCESS,200,10,
2026-02-18T12:43:46.727Z,http://localhost:5000/api/health,SUCCESS,200,60,
2026-02-18T12:56:00.040Z,http://localhost:5000/api/health,SUCCESS,200,9,
2026-02-18T12:57:43.202Z,http://localhost:5000/api/health,SUCCESS,200,48,
2026-02-18T13:00:00.066Z,http://localhost:5000/api/health,SUCCESS,200,14,
2026-02-18T13:14:00.041Z,http://localhost:5000/api/health,SUCCESS,200,9,
2026-02-18T13:18:34.395Z,http://localhost:5000/api/health,SUCCESS,200,33,
2026-02-18T13:28:00.072Z,http://localhost:5000/api/health,SUCCESS,200,9,
2026-02-18T13:41:43.800Z,http://localhost:5000/api/health,SUCCESS,200,45,
2026-02-18T13:42:00.053Z,http://localhost:5000/api/health,SUCCESS,200,8,
2026-02-18T13:42:39.377Z,http://localhost:5000/api/health,SUCCESS,200,51,
2026-02-18T13:43:25.746Z,http://localhost:5000/api/health,SUCCESS,200,54,
2026-02-18T13:56:00.081Z,http://localhost:5000/api/health,SUCCESS,200,10,
2026-02-18T14:00:00.078Z,http://localhost:5000/api/health,SUCCESS,200,10,
2026-02-18T14:14:00.075Z,http://localhost:5000/api/health,SUCCESS,200,6,
